{
  "configVersion": 1,
  "timestamp": 1677350053545,
  "index": "/index.html",
  "assetGroups": [
    {
      "name": "app",
      "installMode": "prefetch",
      "updateMode": "prefetch",
      "cacheQueryOptions": {
        "ignoreVary": true
      },
      "urls": [
        "/favicon.ico",
        "/index.html",
        "/main.77a636d957ab8438.js",
        "/manifest.webmanifest",
        "/polyfills.ae9945875ccfe7d9.js",
        "/runtime.4679a9e2ea970b26.js",
        "/scripts.4c4330e6fb943185.js",
        "/styles.fb6b100667f357ed.css"
      ],
      "patterns": []
    },
    {
      "name": "assets",
      "installMode": "lazy",
      "updateMode": "prefetch",
      "cacheQueryOptions": {
        "ignoreVary": true
      },
      "urls": [
        "/assets/icons/icon-128x128.png",
        "/assets/icons/icon-144x144.png",
        "/assets/icons/icon-152x152.png",
        "/assets/icons/icon-192x192.png",
        "/assets/icons/icon-384x384.png",
        "/assets/icons/icon-512x512.png",
        "/assets/icons/icon-72x72.png",
        "/assets/icons/icon-96x96.png",
        "/assets/img/bg_0.jpg",
        "/assets/img/bg_1.jpg",
        "/assets/img/bg_2.jpg",
        "/assets/img/bg_3.jpg",
        "/assets/img/bg_4.jpg",
        "/assets/img/bg_p_0.jpg",
        "/assets/img/bg_p_1.jpg",
        "/assets/img/bg_p_2.jpg",
        "/assets/img/bg_p_3.jpg",
        "/assets/img/undraw_posting_photo.svg",
        "/assets/img/undraw_profile.svg",
        "/assets/img/undraw_profile_1.svg",
        "/assets/img/undraw_profile_2.svg",
        "/assets/img/undraw_profile_3.svg",
        "/assets/img/undraw_rocket.svg",
        "/assets/scss/_buttons.scss",
        "/assets/scss/_cards.scss",
        "/assets/scss/_charts.scss",
        "/assets/scss/_dropdowns.scss",
        "/assets/scss/_error.scss",
        "/assets/scss/_footer.scss",
        "/assets/scss/_global.scss",
        "/assets/scss/_login.scss",
        "/assets/scss/_mixins.scss",
        "/assets/scss/_navs.scss",
        "/assets/scss/_utilities.scss",
        "/assets/scss/_variables.scss",
        "/assets/scss/navs/_global.scss",
        "/assets/scss/navs/_sidebar.scss",
        "/assets/scss/navs/_topbar.scss",
        "/assets/scss/sb-admin-2.scss",
        "/assets/scss/utilities/_animation.scss",
        "/assets/scss/utilities/_background.scss",
        "/assets/scss/utilities/_border.scss",
        "/assets/scss/utilities/_display.scss",
        "/assets/scss/utilities/_progress.scss",
        "/assets/scss/utilities/_rotate.scss",
        "/assets/scss/utilities/_text.scss",
        "/bootstrap-icons.35e09da2aecdd969.woff2",
        "/bootstrap-icons.cb4c7c05f3292543.woff"
      ],
      "patterns": []
    }
  ],
  "dataGroups": [],
  "hashTable": {
    "/assets/icons/icon-128x128.png": "dae3b6ed49bdaf4327b92531d4b5b4a5d30c7532",
    "/assets/icons/icon-144x144.png": "b0bd89982e08f9bd2b642928f5391915b74799a7",
    "/assets/icons/icon-152x152.png": "7479a9477815dfd9668d60f8b3b2fba709b91310",
    "/assets/icons/icon-192x192.png": "1abd80d431a237a853ce38147d8c63752f10933b",
    "/assets/icons/icon-384x384.png": "329749cd6393768d3131ed6304c136b1ca05f2fd",
    "/assets/icons/icon-512x512.png": "559d9c4318b45a1f2b10596bbb4c960fe521dbcc",
    "/assets/icons/icon-72x72.png": "c457e56089a36952cd67156f9996bc4ce54a5ed9",
    "/assets/icons/icon-96x96.png": "3914125a4b445bf111c5627875fc190f560daa41",
    "/assets/img/bg_0.jpg": "2d7fc3d4eac3cbe3600b80b1a341a2399e454212",
    "/assets/img/bg_1.jpg": "589c5ec058da7f98fd743aa2d4c6d1ccee4348c5",
    "/assets/img/bg_2.jpg": "abd2c091fe4d9420dee63deefbf8165d2daaa79e",
    "/assets/img/bg_3.jpg": "a4e13ae233315adab5b4b45c463e62e62f24ae12",
    "/assets/img/bg_4.jpg": "7ef3c6c572f1e5a61c81d889e46f3bc932746aea",
    "/assets/img/bg_p_0.jpg": "b7ca13913d3c5d4d5065780601a18a14b837019c",
    "/assets/img/bg_p_1.jpg": "9aa17f7be0eee1ca937e672a450590442f64de08",
    "/assets/img/bg_p_2.jpg": "9aa75cbe2e8ea8fd75598e732ed73cd091ce74ff",
    "/assets/img/bg_p_3.jpg": "7d07335dde1760992fec64c9eab6103a0f4a70fe",
    "/assets/img/undraw_posting_photo.svg": "4aaba02bd47cc7ea9d4f7e8582748e99f88126fc",
    "/assets/img/undraw_profile.svg": "a7f6d3fbdfb236f0ca7d9d868441b7e9f1e74ea7",
    "/assets/img/undraw_profile_1.svg": "937f2212720ea376233f9a0d7fb99d305ef9a956",
    "/assets/img/undraw_profile_2.svg": "89d3b9de4c6ff28083808e84c734348523ef79a2",
    "/assets/img/undraw_profile_3.svg": "4aa1eb3a48ef17dfa73442415c53497941325da6",
    "/assets/img/undraw_rocket.svg": "4c16423b093c283e157030a05296af2b9265505d",
    "/assets/scss/_buttons.scss": "f2c92dac57761f7aa17b6ef63e613020bfef5ee3",
    "/assets/scss/_cards.scss": "d158385c8b21b2c0fc105c93365dafc584a99ab8",
    "/assets/scss/_charts.scss": "30f9eb411f6367e0e60bcba30734e9436a085209",
    "/assets/scss/_dropdowns.scss": "38c6d50dd07814370d20ca74e8d3f4fac99475eb",
    "/assets/scss/_error.scss": "d3765b767342c24c0d46e44fbba938dfcd5fe19e",
    "/assets/scss/_footer.scss": "47a8acb259ee660f0bbf3ea2650204991d7cf780",
    "/assets/scss/_global.scss": "bd2eeaa6cd037cfff683f695a6dfcd738f1e71b8",
    "/assets/scss/_login.scss": "418e4548ec90c64da0925e60ad7b51dd557e1dc3",
    "/assets/scss/_mixins.scss": "adc83b19e793491b1c6ea0fd8b46cd9f32e592fc",
    "/assets/scss/_navs.scss": "9ce5a1f036ba1eadd45eb4d914126eef1b62556e",
    "/assets/scss/_utilities.scss": "b1eae02b9e9580a31e0aea3aeb8271a13e3ba3c6",
    "/assets/scss/_variables.scss": "f73034e9540115777c859153de334fe0c5b11a6c",
    "/assets/scss/navs/_global.scss": "1598bf146d6fff5ef775cc94a098a60b8240a50b",
    "/assets/scss/navs/_sidebar.scss": "ccfb3652e930b1c4aea8bc2d82fbe673b03cc2c4",
    "/assets/scss/navs/_topbar.scss": "7d5c3add579dd2f1160b35eb30aac2a508a918a6",
    "/assets/scss/sb-admin-2.scss": "eac166d95d7411b3a5f1be6aeb5e0067bb58fc7f",
    "/assets/scss/utilities/_animation.scss": "607f64d90d2161a0f8129bee91ed0d724cfa7be2",
    "/assets/scss/utilities/_background.scss": "c7592718c98cfa3d0bf7d64be74b68186459238f",
    "/assets/scss/utilities/_border.scss": "5a095c51efd6e0ff889ad0277481a3aa0a6a68df",
    "/assets/scss/utilities/_display.scss": "b284b7fc47eed07c02f2a8dfaf272091afbd207a",
    "/assets/scss/utilities/_progress.scss": "63fe8c5cbb75068da3ae719d539d54d0e21e68e2",
    "/assets/scss/utilities/_rotate.scss": "5bd4f637881df1dd6b7e06b322d51835abba7e6e",
    "/assets/scss/utilities/_text.scss": "ddd240f8afb56549f8aca5f41d80392dc08be16b",
    "/bootstrap-icons.35e09da2aecdd969.woff2": "17dad0776899ad1beadabd061c34e2a22b2cde74",
    "/bootstrap-icons.cb4c7c05f3292543.woff": "75919c717ce5c5bc716bc51705c0cd0b60f4bffc",
    "/favicon.ico": "22f6a4a3bcaafafb0254e0f2fa4ceb89e505e8b2",
    "/index.html": "0745c7dc60e1e42280603ba6279dd8789005beab",
    "/main.77a636d957ab8438.js": "12388d057a0ac52da45d523ff9ffc497c6ed3203",
    "/manifest.webmanifest": "d35b07525a1b526c5a135525b8231c7e7e4d153a",
    "/polyfills.ae9945875ccfe7d9.js": "086be84ee8e516358e3e4e00f5e793e8b74662ce",
    "/runtime.4679a9e2ea970b26.js": "fa216af2cb43ca9361279b4e7df0bcd0e18a1c20",
    "/scripts.4c4330e6fb943185.js": "ec7cb42a16eb42c2abbfc001519392b534d4d293",
    "/styles.fb6b100667f357ed.css": "4f31f0a4bbe2b0b1e9a96617f08156db9c936081"
  },
  "navigationUrls": [
    {
      "positive": true,
      "regex": "^\\/.*$"
    },
    {
      "positive": false,
      "regex": "^\\/(?:.+\\/)?[^/]*\\.[^/]*$"
    },
    {
      "positive": false,
      "regex": "^\\/(?:.+\\/)?[^/]*__[^/]*$"
    },
    {
      "positive": false,
      "regex": "^\\/(?:.+\\/)?[^/]*__[^/]*\\/.*$"
    }
  ],
  "navigationRequestStrategy": "performance"
}